"id","player_name","pay_user","order_id","last_time"
"468021","玉堂赤松","1049624583","201230182930321121360","2020-12-30 18:29:31"
"468022","玉堂赤松","1049624583","201230183727902921358","2020-12-30 18:37:28"
"468023","玉堂赤松","1049624583","201230184345898821359","2020-12-30 18:43:46"
"468024","刚毅死神","1049624597","210111154810383521358","2021-1-11 15:48:24"
"468025","刚毅死神","1049624597","210111154827492321358","2021-1-11 15:48:36"
"468026","司空语菡","1049624606","210112095631514321361","2021-1-12 09:56:36"
"468027","人走茶凉","1049624602","210112114203105621363","2021-1-12 11:42:32"
"468028","逗比症丶","1049624609","210112121548365121362","2021-1-12 12:15:52"
"468029","司空语菡","1049624606","210112152518869021361","2021-1-12 15:25:24"
"468030","普世帝江","1049624613","210112212154478321358","2021-1-12 21:22:01"
"468031","普世帝江","1049624613","210112212205235421358","2021-1-12 21:22:27"
"468032","普世帝江","1049624613","210112212321825421358","2021-1-12 21:23:38"
"468033","宇文不科","1049624618","210113133301006621360","2021-1-13 13:33:53"
"468034","雪舞安立","1049624608","210113141617693521359","2021-1-13 14:16:20"
"468035","普世帝江","1049624613","210114111300984921358","2021-1-14 11:13:09"
"468036","普世帝江","1049624613","210114111311102321358","2021-1-14 11:13:41"
"468037","普世帝江","1049624613","210114111403431921358","2021-1-14 11:14:22"
"468038","风雪祝融","1048577","210115090940256021363","2021-1-15 09:10:03"
"468039","洛芸","1048579","210115095757326221362","2021-1-15 09:58:34"
"468040","离歌玄冥","1048585","210115095822729721360","2021-1-15 09:58:37"
"468041","百里北枫","1048605","210115095926828321362","2021-1-15 09:59:51"
"468042","仙道","1048608","210115100001342521361","2021-1-15 10:00:23"
"468043","武神天下","1048594","210115100008766121360","2021-1-15 10:00:24"
"468044","烟火的尘埃","1048587","210115100032684421362","2021-1-15 10:00:55"
"468045","高冷萌杀手≦","1048599","210115100146401321360","2021-1-15 10:02:04"
"468046","弹指间的烟灰","1048603","210115100445107621361","2021-1-15 10:05:06"
"468047","聖。长苏","1048601","210115100500043421362","2021-1-15 10:05:15"
"468048","忆雨纷飞","1048629","210115100507757721361","2021-1-15 10:05:35"
"468049","不灭启阅","1048621","210115100618237521360","2021-1-15 10:06:27"
"468050","堕回安楚","1048625","210115100615966821362","2021-1-15 10:06:47"
"468051","武神天下","1048594","210115100626731721360","2021-1-15 10:06:49"
"468052","门先生","1048619","210115100656186021361","2021-1-15 10:07:08"
"468053","弹指间的烟灰","1048603","210115100652896121361","2021-1-15 10:07:18"
"468054","为何你无动于衷","1048641","210115100717963421359","2021-1-15 10:07:21"
"468055","女神萌哒哒","1048628","210115100705681721361","2021-1-15 10:07:32"
"468056","王怪怪","1048645","210115100809442821361","2021-1-15 10:08:19"
"468057","繁华凤凰","1048633","210115100859178321360","2021-1-15 10:09:09"
"468058","许仙","1048624","210115101005639721359","2021-1-15 10:10:19"
"468059","风雨幼英","1048664","210115101034696521360","2021-1-15 10:10:45"
"468060","强势淑女","1048660","210115100947111521359","2021-1-15 10:10:47"
"468061","仙道","1048608","210115101139711921361","2021-1-15 10:11:53"
"468062","心不动则不痛","1048665","210115101319003021359","2021-1-15 10:13:23"
"468063","名空","1048680","210115101455926421361","2021-1-15 10:15:10"
"468064","。咕咕哒","1048701","210115101552068521359","2021-1-15 10:15:57"
"468065","巅峰、涵曦","1048632","210115101613815421361","2021-1-15 10:16:26"
"468066","明致流景","1048692","210115101613861621358","2021-1-15 10:16:32"
"468067","苍梧谣","1048635","210115101736506521361","2021-1-15 10:17:56"
"468068","不灭启阅","1048621","210115101749597421360","2021-1-15 10:18:01"
"468069","不灭启阅","1048621","210115101857321521360","2021-1-15 10:19:06"
"468070","画龙点睛","1048717","210115101854366421359","2021-1-15 10:19:15"
"468071","八荒凤凰","1048582","210115102031017521362","2021-1-15 10:20:53"
"468072","昼晓卷影","1048688","210115102145595721361","2021-1-15 10:22:02"
"468073","时间煮雨","1048600","210115102253101021361","2021-1-15 10:23:07"
"468074","随便玩玩","1048731","210115102500355521362","2021-1-15 10:25:19"
"468075","许仙","1048624","210115102525381221359","2021-1-15 10:25:41"
"468076","方寸盼星","1048738","210115102803635321361","2021-1-15 10:28:10"
"468077","灵儿","1048653","210115102809455821358","2021-1-15 10:28:24"
"468078","傲天","1048592","210115102829078321358","2021-1-15 10:28:47"
"468079","龙刹邪峦","1048753","210115102850742621359","2021-1-15 10:28:55"
"468080","九天百灵","1048769","210115103235625021358","2021-1-15 10:32:48"
"468081","八神震败","1048743","210115103315912421360","2021-1-15 10:33:24"
"468082","龍、","1048708","210115103351921521358","2021-1-15 10:34:20"
"468083","方寸盼星","1048738","210115103524121121361","2021-1-15 10:36:18"
"468084","聖。长苏","1048601","210115103623313621362","2021-1-15 10:36:36"
"468085","弹指间的烟灰","1048603","210115103733583021361","2021-1-15 10:37:49"
"468086","泣月尔澜","1048673","210115103734975221358","2021-1-15 10:37:50"
"468087","聖。长苏","1048601","210115103807877321362","2021-1-15 10:38:30"
"468088","北城以念","1048785","210115103941103221358","2021-1-15 10:39:59"
"468089","烟火的尘埃","1048587","210115104139791121362","2021-1-15 10:42:14"
"468090","离歌玄冥","1048585","210115104731374421360","2021-1-15 10:47:43"
"468091","仙道","1048608","210115105116843521361","2021-1-15 10:51:29"
"468092","凤求凰","1048658","210115105126276421359","2021-1-15 10:51:39"
"468093","判官","1048809","210115105159594921358","2021-1-15 10:52:13"
"468094","八神","1048817","210115105142088321361","2021-1-15 10:52:17"
"468095","巅峰、涵曦","1048632","210115105314476421361","2021-1-15 10:53:25"
"468096","风雨幼英","1048664","210115105500511821360","2021-1-15 10:55:14"
"468097","丨梓钧丨","1048834","210115105729538521360","2021-1-15 10:57:44"
"468098","柔软的小白兔","1048762","210115105749640221360","2021-1-15 10:57:58"
"468099","淡墨文竹","1048782","210115105810891321358","2021-1-15 10:58:52"
"468100","当午","1048704","210115105931711721362","2021-1-15 10:59:45"
"468101","彭煜城","1048725","210115110142367521358","2021-1-15 11:01:58"
"468102","仙道","1048608","210115110202913421361","2021-1-15 11:02:16"
"468103","悲惨黑曜石","1048832","210115110231206821358","2021-1-15 11:02:53"
"468104","泣月尔澜","1048673","210115110249885621358","2021-1-15 11:03:02"
"468105","杜子腾","1048833","210115110250116021358","2021-1-15 11:03:04"
"468106","Lucky","1048595","210115110338115821359","2021-1-15 11:03:50"
"468107","潇湘羽","1048796","210115110345709621360","2021-1-15 11:04:04"
"468108","龙刹邪峦","1048753","210115110710395421359","2021-1-15 11:07:15"
"468109","战刃之锋","1048867","210115110756063521358","2021-1-15 11:08:08"
"468110","彭煜城","1048725","210115110930937221358","2021-1-15 11:09:57"
"468111","彭煜城","1048725","210115111041047421358","2021-1-15 11:10:53"
"468112","强势淑女","1048660","210115111315305021359","2021-1-15 11:13:23"
"468113","丨梓钧丨","1048834","210115111330618721360","2021-1-15 11:13:43"
"468114","方寸盼星","1048738","210115111600011621361","2021-1-15 11:16:14"
"468115","安稳","1048659","210115111627686721361","2021-1-15 11:16:36"
"468116","呼呼吧","1048791","210115111651515221359","2021-1-15 11:17:08"
"468117","平凡天才","1048781","210115111742584321358","2021-1-15 11:18:03"
"468118","回忆","1048652","210115111900333021358","2021-1-15 11:19:16"
"468119","風雲耀星","1048880","210115111958879621361","2021-1-15 11:20:14"
"468120","弹指间的烟灰","1048603","210115112043894121361","2021-1-15 11:20:56"
"468121","九天半里红","1048755","210115112041204621360","2021-1-15 11:21:07"
"468122","凑数的漂流瓶","1048898","210115112214155521362","2021-1-15 11:22:32"
"468123","武神天下","1048594","210115112232126421360","2021-1-15 11:22:44"
"468124","一世↘泪倾城","1048622","210115112300994121359","2021-1-15 11:23:17"
"468125","尘沙飞诞","1048900","210115112657212321358","2021-1-15 11:27:18"
"468126","昼晓卷影","1048688","210115112847181321361","2021-1-15 11:29:02"
"468127","娃哈哈","1048868","210115112924747421361","2021-1-15 11:29:35"
"468128","淡墨文竹","1048782","210115112926533221358","2021-1-15 11:29:42"
"468129","淡墨文竹","1048782","210115112944518221358","2021-1-15 11:29:55"
"468130","九天百灵","1048769","210115113241877221358","2021-1-15 11:32:55"
"468131","灬云朵","1048719","210115113330353721361","2021-1-15 11:33:47"
"468132","秋水伊人","1048909","210115113601888421361","2021-1-15 11:36:10"
"468133","妖妖ꦿ℘゜এ","1048895","210115113610888721361","2021-1-15 11:36:24"
"468134","灬云朵","1048719","210115113708017621361","2021-1-15 11:37:20"
"468135","平凡的男纸","1048932","210115113721914021360","2021-1-15 11:38:14"
"468136","灬云朵","1048719","210115114102685421361","2021-1-15 11:41:17"
"468137","九天百灵","1048769","210115114258253121358","2021-1-15 11:43:09"
"468138","丨梓钧丨","1048834","210115114403388221360","2021-1-15 11:44:08"
"468139","白衣子野","1048944","210115114427992521361","2021-1-15 11:45:03"
"468140","雪儿","1048973","210115114641246021361","2021-1-15 11:47:03"
"468141","龙刹邪峦","1048753","210115114800109621359","2021-1-15 11:48:04"
"468142","龙刹邪峦","1048753","210115115111661821359","2021-1-15 11:51:16"
"468143","兰武","1048951","210115115224053121359","2021-1-15 11:52:39"
"468144","方寸盼星","1048738","210115115344959421361","2021-1-15 11:53:53"
"468145","灬云朵","1048719","210115115348902921361","2021-1-15 11:54:14"
"468146","噘嘴棕榈树","1049085","210115115451562121360","2021-1-15 11:55:40"
"468147","甜蜜洁乐","1049086","210115115451715121360","2021-1-15 11:55:42"
"468148","你不乖头打歪","1048914","210115115734305621358","2021-1-15 11:57:48"
"468149","放荡王子","1049122","210115120118666721358","2021-1-15 12:01:33"
"468150","聖。长苏","1048601","210115120149849521362","2021-1-15 12:02:05"
"468151","大方的小猪","1049116","210115120151247921358","2021-1-15 12:03:21"
"468152","九天半里红","1048755","210115120357305621360","2021-1-15 12:04:07"
"468153","惘川春","1049112","210115120150616921358","2021-1-15 12:04:54"
"468154","阿克江","1048992","210115120436481121362","2021-1-15 12:05:42"
"468155","严格的字典","1049218","210115120504983021360","2021-1-15 12:05:54"
"468156","一指风花","1049219","210115120505564321360","2021-1-15 12:05:56"
"468157","浅夏清唱","1049220","210115120508084321360","2021-1-15 12:06:08"
"468158","无可奈何","1049017","210115120619206521362","2021-1-15 12:06:53"
"468159","泣月尔识","1048984","210115120711547521360","2021-1-15 12:08:49"
"468160","      ","1049234","210115120847783821359",
"468161","苏卡达","1049009","210115120816297921362","2021-1-15 12:09:44"
"468162","幻蝶ζ梦一场","1048986","210115120922853421360","2021-1-15 12:10:00"
"468163","零下","1049011","210115120914182021362","2021-1-15 12:10:57"
"468164","娃哈哈","1048868","210115121041598921361","2021-1-15 12:11:10"
"468165","羽胄阙","1048995","210115121103601921360","2021-1-15 12:11:15"
"468166","高大饕餮","1049278","210115121016546421362","2021-1-15 12:11:25"
"468167","乄霸道丶女人乀","1049285","210115121018851521362","2021-1-15 12:11:28"
"468168","倾城恒士","1049174","210115121034619221359","2021-1-15 12:11:29"
"468169","琐窗寒","1049114","210115120148652321358","2021-1-15 12:11:35"
"468170","旧城旧梦旧少年","1049117","210115120147546721358","2021-1-15 12:11:37"
"468171","慕容乐翔","1049115","210115120152229621358","2021-1-15 12:11:39"
"468172","无量灵","1049113","210115120150852921358","2021-1-15 12:11:39"
"468173","古灵三清","1049280","210115121019876821362","2021-1-15 12:12:24"
"468174","陌上氵花閞","1049268","210115121020736221362","2021-1-15 12:12:31"
"468175","梦魇瀚轼","1049279","210115121017326521362","2021-1-15 12:12:36"
"468176","西门英平","1048985","210115121151043621360","2021-1-15 12:12:44"
"468177","体贴的光棍","1049024","210115121216405221359","2021-1-15 12:12:51"
"468178","历史地理","1049019","210115121124669821362","2021-1-15 12:13:23"
"468179","衔烛邪菩提","1049276","210115121019258021362","2021-1-15 12:13:34"
"468180","朔空杜若","1049173","210115121311465621359","2021-1-15 12:13:44"
"468181","说翻就翻","1049242","210115121251256421358","2021-1-15 12:13:59"
"468182","天下灵莉","1049172","210115121357272021359","2021-1-15 12:14:28"
"468183","息怒息怒","1049001","210115121405439321362","2021-1-15 12:14:50"
"468184","风雪染庭芳","1048993","210115121347253621360","2021-1-15 12:15:15"
"468185","惜缘如芷","1049178","210115121519653221359","2021-1-15 12:15:56"
"468186","惊梦吞","1048661","210115121601476621360","2021-1-15 12:16:13"
"468187","小城牧歌","1049184","210115121545486821359","2021-1-15 12:16:36"
"468188","灬云朵","1048719","210115121846664521361","2021-1-15 12:19:01"
"468189","炫耀耳机","1049340","210115122022153221359","2021-1-15 12:20:47"
"468190","神灵天牢","1048742","210115122038673721363","2021-1-15 12:20:57"
"468191","妙、","1049334","210115122013435621358","2021-1-15 12:21:12"
"468192","水星的暖男","1049292","210115122142425021361","2021-1-15 12:22:39"
"468193","最后的问候","1049266","210115122355618021361","2021-1-15 12:25:09"
"468194","挽手听风","1049375","210115122543491221358","2021-1-15 12:26:11"
"468195","不灭启阅","1048621","210115122638610021360","2021-1-15 12:26:46"
"468196","雷火怡凝","1049360","210115122649749321361","2021-1-15 12:27:21"
"468197","女神萌哒哒","1048628","210115122724318121361","2021-1-15 12:27:37"
"468198","情若能自爱","1049140","210115122642064421358","2021-1-15 12:27:38"
"468199","雨夜花自怜","1049153","210115122729923021358","2021-1-15 12:28:53"
"468200","星辰英泽","1049165","210115122353461421361","2021-1-15 12:29:03"
"468201","唯美灯塔","1049008","210115122827853221359","2021-1-15 12:30:51"
"468202","誓言灵萌","1048972","210115122350628521361","2021-1-15 12:31:16"
"468203","契阔奉","1049020","210115122353407721361","2021-1-15 12:32:08"
"468204","西门不佐","1049125","210115123203063421359","2021-1-15 12:32:21"
"468205","方寸盼星","1048738","210115123303309521361","2021-1-15 12:33:15"
"468206","方寸盼星","1048738","210115123319665121361","2021-1-15 12:33:24"
"468207","幸福迷了路","1049143","210115123129147421358","2021-1-15 12:33:32"
"468208","时光安好","1049081","210115122352909721361","2021-1-15 12:33:37"
"468209","猫的心","1049233","210115123315333321359","2021-1-15 12:33:43"
"468210","阳刚的熊猫","1049351","210115123323222221361","2021-1-15 12:34:05"
"468211","雪舞乐同","1049241","210115123435612021359","2021-1-15 12:34:53"
"468212","拿回忆下酒","1049157","210115123403678921358","2021-1-15 12:34:56"
"468213","八荒毕方","1048971","210115122540117621361","2021-1-15 12:34:56"
"468214","霜天晓角","1049382","210115123513022021358","2021-1-15 12:35:28"
"468215","移动移不动","1049164","210115122348439421361","2021-1-15 12:35:54"
"468216","只对你任性","1049162","210115123514281021358","2021-1-15 12:36:07"
"468217","聖。长苏","1048601","210115123623736621362","2021-1-15 12:36:31"
"468218","霸道嘉理","1049232","210115123603247221359","2021-1-15 12:36:32"
"468219","鑫丶","1049346","210115123821791221358","2021-1-15 12:38:34"
"468220","无量邪菩提","1049118","210115123834131721359","2021-1-15 12:39:02"
"468221","羽轩","1049037","210115123926782221359","2021-1-15 12:39:40"
"468222","鑫丶","1049346","210115123952853321358","2021-1-15 12:40:05"
"468223","离火燕慧","1049348","210115124252506321361","2021-1-15 12:43:19"
"468224","方寸盼星","1048738","210115124310401221361","2021-1-15 12:43:26"
"468225","龍、","1048708","210115124449354221358","2021-1-15 12:45:13"
"468226","龍、","1048708","210115124517593621358","2021-1-15 12:45:34"
"468227","淡定的斑马","1049333","210115124607314621361","2021-1-15 12:46:23"
"468228","鬼帝","1049454","210115125241344721361","2021-1-15 12:53:10"
"468229","九天九歌","1049256","210115125429636121361","2021-1-15 12:54:46"
"468230","傲天","1048592","210115125453027521358","2021-1-15 12:55:11"
"468231","妙、","1049334","210115125520832921358","2021-1-15 12:55:32"
"468232","妙、","1049334","210115125613769521358","2021-1-15 12:56:26"
"468233","田心丰色氵皮","1049499","210115125805192821361","2021-1-15 12:58:24"
"468234","尘沙飞诞","1048900","210115125923802021358","2021-1-15 12:59:44"
"468235","凑数的漂流瓶","1048898","210115130221322221362","2021-1-15 13:02:41"
"468236","六六大顺","1049503","210115130311992621361","2021-1-15 13:03:31"
"468237","凑数的漂流瓶","1048898","210115130355208421362","2021-1-15 13:04:18"
"468238","时光可待你安好","1049508","210115130623054621358","2021-1-15 13:06:51"
"468239","时光易久","1049359","210115130651347621358","2021-1-15 13:07:05"
"468240","丨梓钧丨","1048834","210115130954639421360","2021-1-15 13:09:58"
"468241","觅知音乄","1049412","210115131020384921361","2021-1-15 13:10:31"
"468242","沐子龙","1049558","210115131423763721359","2021-1-15 13:14:44"
"468243","离歌玄冥","1048585","210115131444904621360","2021-1-15 13:14:59"
"468244","小七","1049577","210115131645911021360","2021-1-15 13:17:01"
"468245","歹、吃俺一招","1048798","210115131627861421359","2021-1-15 13:17:35"
"468246","杨戬","1049585","210115132147748321360","2021-1-15 13:22:08"
"468247","洛芸","1048579","210115132350694421362","2021-1-15 13:24:13"
"468248","潜龙衿","1049589","210115132558038821359","2021-1-15 13:26:02"
"468249","风炎雨师","1049597","210115132820678221358","2021-1-15 13:29:11"
"468250","风炎雨师","1049597","210115132948098021358","2021-1-15 13:30:05"
"468251","《悟心》","1049622","210115133915653021358","2021-1-15 13:39:50"
"468252","ヾ一戰成銘”","1049586","210115134315452121361","2021-1-15 13:44:08"
"468253","最靓的仔","1049632","210115134928835121358","2021-1-15 13:49:55"
"468254","你不乖头打歪","1048914","210115135356998421358","2021-1-15 13:54:15"
"468255","尘沙飞诞","1048900","210115135550218821358","2021-1-15 13:56:07"
"468256","追梦玲颖","1049649","210115135604281121362","2021-1-15 13:56:39"
"468257","无敌雁韵","1049652","210115135815196021361","2021-1-15 13:58:37"
"468258","潜龙衿","1049589","210115140320545321359","2021-1-15 14:03:39"
"468259","ヾ一戰成銘”","1049586","210115140331639521361","2021-1-15 14:03:39"
"468260","南河池溟","1048615","210115140336062521362","2021-1-15 14:03:53"
"468261","兔吉逗","1049682","210115140645415621359","2021-1-15 14:07:21"
"468262","随和的朕","1049677","210115141055258521358","2021-1-15 14:11:11"
"468263","小七","1049577","210115141154466921360","2021-1-15 14:12:09"
"468264","小七","1049577","210115141233416921360","2021-1-15 14:12:44"
"468265","ヾ一戰成銘”","1049586","210115141451081821361","2021-1-15 14:15:07"
"468266","潜龙衿","1049589","210115141750119021359","2021-1-15 14:17:54"
"468267","潜龙衿","1049589","210115141800396521359","2021-1-15 14:18:04"
"468268","ヾ一戰成銘”","1049586","210115142049273721361","2021-1-15 14:21:05"
"468269","吟唱","1049146","210115141934597821358","2021-1-15 14:21:32"
"468270","钟离名忠","1049714","210115142131631121362","2021-1-15 14:21:46"
"468271","尊师芳芳","1049664","210115142144646721360","2021-1-15 14:21:56"
"468272","千川乱残雪","1049700","210115142340892121360","2021-1-15 14:24:09"
"468273","妙、","1049334","210115142853063321358","2021-1-15 14:29:07"
"468274","羽轩","1049037","210115142900764421359","2021-1-15 14:29:36"
"468275","普世玉羲","1049646","210115142919822421361","2021-1-15 14:29:41"
"468276","是星河","1049736","210115143501123321361","2021-1-15 14:35:18"
"468277","凑数的漂流瓶","1048898","210115143654439421362","2021-1-15 14:37:13"
"468278","青藤之涼","1049746","210115143819509521359",
"468279","尘沙飞诞","1048900","210115143903431421358","2021-1-15 14:39:22"
"468280","小七","1049577","210115143919074621360","2021-1-15 14:39:33"
"468281","尘沙飞诞","1048900","210115143924489821358","2021-1-15 14:39:39"
"468282","安笙","1049734","210115144054671721361","2021-1-15 14:41:55"
"468283","潇湘青怜","1048988","210115144947052621360","2021-1-15 14:50:40"
"468284","方寸盼星","1048738","210115150033744421361","2021-1-15 15:02:02"
"468285","方寸盼星","1048738","210115150411582821361","2021-1-15 15:04:26"
"468286","逍遥年","1049547","210115150655341221358","2021-1-15 15:07:47"
"468287","逍遥年","1049547","210115150753876821358","2021-1-15 15:08:20"
"468288","狂奔的大哥大","1049543","210115150820232421358","2021-1-15 15:09:32"
"468289","狂奔的大哥大","1049543","210115150934313121358","2021-1-15 15:10:12"
"468290","赫连新","1049539","210115151010223121358","2021-1-15 15:11:02"
"468291","赫连新","1049539","210115151104872821358","2021-1-15 15:11:31"
"468292","ヾ一戰成銘”","1049586","210115151155499321361","2021-1-15 15:12:11"
"468293","天罡雨承","1049514","210115151235434821358","2021-1-15 15:13:17"
"468294","天罡雨承","1049514","210115151323349421358","2021-1-15 15:13:47"
"468295","司空巨喜","1049013","210115151406381821360","2021-1-15 15:14:09"
"468296","辣条在手跟我走","1049513","210115151351859621358","2021-1-15 15:14:30"
"468297","风雪封神","1049052","210115151445574821361","2021-1-15 15:14:54"
"468298","辣条在手跟我走","1049513","210115151433198121358","2021-1-15 15:15:06"
"468299","风雪封神","1049052","210115151515208021361","2021-1-15 15:15:28"
"468300","狂狼雪复","1049056","210115151559885621361","2021-1-15 15:16:16"
"468301","狂狼雪复","1049056","210115151622624921361","2021-1-15 15:16:34"
"468302","司空然","1049517","210115151530120421358","2021-1-15 15:16:51"
"468303","萌萌哒本宝宝","1049021","210115151630979521360","2021-1-15 15:17:05"
"468304","风露天蓬","1049073","210115151705777521361","2021-1-15 15:17:16"
"468305","司空然","1049517","210115151654247421358","2021-1-15 15:17:26"
"468306","风露天蓬","1049073","210115151722895521361","2021-1-15 15:17:30"
"468307","好心充电器","1049018","210115151805845821360","2021-1-15 15:18:10"
"468308","江天合欢","1049094","210115151826406721361","2021-1-15 15:18:39"
"468309","贯虹勿念","1049541","210115151757714621358","2021-1-15 15:18:49"
"468310","江天合欢","1049094","210115151845929121361","2021-1-15 15:18:57"
"468311","贯虹勿念","1049541","210115151856027521358","2021-1-15 15:19:49"
"468312","提灯楚天阔","1049012","210115151945005021360","2021-1-15 15:19:49"
"468313","长街听风","1049098","210115151947191121361","2021-1-15 15:19:59"
"468314","长街听风","1049098","210115152006125921361","2021-1-15 15:20:14"
"468315","愤怒的小王子","1049544","210115151951797821358","2021-1-15 15:20:37"
"468316","愤怒的小王子","1049544","210115152039994321358","2021-1-15 15:21:07"
"468317","中二肥宅","1049166","210115152105857321360","2021-1-15 15:21:10"
"468318","皇影九云","1049551","210115152112994421358","2021-1-15 15:22:14"
"468319","皇影九云","1049551","210115152215747321358","2021-1-15 15:22:42"
"468320","挑逗砂糖橘","1049659","210115152257346821359","2021-1-15 15:23:30"
"468321","杜康汤谷","1049518","210115152246832121358","2021-1-15 15:23:42"
"468322","挑逗砂糖橘","1049659","210115152341247021359","2021-1-15 15:23:56"
"468323","杜康汤谷","1049518","210115152341963621358","2021-1-15 15:24:15"
"468324","血月雁冬","1049804","210115152415725821358","2021-1-15 15:24:30"
"468325","西江月","1049004","210115152435042321360","2021-1-15 15:24:38"
"468326","密云金乌","1049795","210115152431831521361","2021-1-15 15:24:40"
"468327","皇甫林德","1049196","210115152528912921360","2021-1-15 15:25:32"
"468328","一统北荀","1049658","210115152530294721359","2021-1-15 15:26:17"
"468329","沧海望舒","1048956","210115152636007121360","2021-1-15 15:26:40"
"468330","一统北荀","1049658","210115152632723221359","2021-1-15 15:27:05"
"468331","寂然的剪刀手","1049418","210115152842157521359","2021-1-15 15:29:06"
"468332","不屈乌尘","1049602","210115153034357921360","2021-1-15 15:30:37"
"468333","寂然的剪刀手","1049418","210115152926258221359","2021-1-15 15:31:04"
"468334","沐雪儿༊","1049814","210115153216372021361","2021-1-15 15:32:32"
"468335","富有吃货","1049417","210115153252408621359","2021-1-15 15:33:12"
"468336","专一的肥宅","1049593","210115153250812721360","2021-1-15 15:33:57"
"468337","富有吃货","1049417","210115153322881821359","2021-1-15 15:33:58"
"468338","妖邪百灵","1049432","210115153504767321362","2021-1-15 15:36:22"
"468339","沐雪儿༊","1049814","210115153606649121361","2021-1-15 15:36:30"
"468340","古灵杜若","1049596","210115153543066221359","2021-1-15 15:36:34"
"468341","贩剑的老板","1049818","210115153621817021358","2021-1-15 15:36:42"
"468342","古灵杜若","1049596","210115153812844021359","2021-1-15 15:38:26"
"468343","违抗军令","1049015","210115153749247221362","2021-1-15 15:38:40"
"468344","几点睡觉","1049109","210115153902376921362","2021-1-15 15:39:36"
"468345","防护服","1049006","210115153958608921362","2021-1-15 15:40:38"
"468346","怼宅男","1049650","210115154359556521362","2021-1-15 15:44:28"
"468347","啸月帝俊","1049826","210115154638414721358","2021-1-15 15:47:05"
"468348","墨白丶","1049819","210115154913533221359","2021-1-15 15:49:45"
"468349","贪吃的少年","1049431","210115155101548221362","2021-1-15 15:51:34"
"468350","一念成魔","1049546","210115155553116421359","2021-1-15 15:56:08"
"468351","乐观小清新","1049453","210115155819558821362","2021-1-15 15:58:55"
"468352","维也纳的樱花","1048638","210115160435214821358","2021-1-15 16:05:13"
"468353","烟火的尘埃","1048587","210115160550171521362","2021-1-15 16:06:14"
"468354","霸气桔子","1049854","210115160736087321358","2021-1-15 16:07:53"
"468355","孤冥","1049844","210115160858427421358","2021-1-15 16:09:19"
"468356","沐雪儿༊","1049814","210115161022297621361","2021-1-15 16:10:41"
"468357","墨白丶","1049819","210115162714595721359","2021-1-15 16:27:53"
"468358","霸刀星侯","1049875","210115162747357421360","2021-1-15 16:28:09"
"468359","许仙","1048624","210115163119164421359","2021-1-15 16:31:33"
"468360","烟火的尘埃","1048587","210115163148153221362","2021-1-15 16:32:10"
"468361","孤冥","1049844","210115163308966221358","2021-1-15 16:33:27"
"468362","九歌水月","1049889","210115163643745421358","2021-1-15 16:37:13"
"468363","威严的小道童","1049893","210115164156094121360","2021-1-15 16:42:11"
"468364","可乐","1048923","210115164853478121361","2021-1-15 16:49:21"
"468365","霸气桔子","1049854","210115165118084621358","2021-1-15 16:51:33"
"468366","陌羽轩","1049906","210115165510606821358","2021-1-15 16:55:47"
"468367","霸气桔子","1049854","210115165538285521358","2021-1-15 16:57:20"
"468368","①ゾ刹那","1049886","210115165852191521361","2021-1-15 16:59:57"
"468369","孤冥","1049844","210115170134402721358","2021-1-15 17:01:50"
"468370","泣月百遥","1049076","210115170332694021358","2021-1-15 17:03:48"
"468371","孤冥","1049844","210115170344539821358","2021-1-15 17:03:58"
"468372","唐晨","1049922","210115171027585021358","2021-1-15 17:11:03"
"468373","陌羽轩","1049906","210115171308041421358","2021-1-15 17:13:20"
"468374","风十三","1049775","210115171454525921358","2021-1-15 17:15:30"
"468375","可乐","1048923","210115171752613421361","2021-1-15 17:18:04"
"468376","么么哒","1049936","210115171747507021358","2021-1-15 17:18:42"
"468377","墨白丶","1049819","210115171846479621359","2021-1-15 17:19:30"
"468378","孤冥","1049844","210115172030004421358","2021-1-15 17:20:46"
"468379","阎罗王","1049573","210115172211503721361","2021-1-15 17:24:15"
"468380","南风知我意","1049951","210115172542867121358","2021-1-15 17:26:05"
"468381","可乐","1048923","210115172722041121361","2021-1-15 17:27:33"
"468382","可乐","1048923","210115172748747221361","2021-1-15 17:27:57"
"468383","初雪","1049947","210115172746268721361","2021-1-15 17:28:04"
"468384","可乐","1048923","210115172810784721361","2021-1-15 17:28:19"
"468385","洛殇","1049785","210115172951132021360","2021-1-15 17:30:11"
"468386","可乐","1048923","210115173213493921361","2021-1-15 17:32:23"
"468387","安静的土豪","1049963","210115173627076721358","2021-1-15 17:36:57"
"468388","六六大顺","1049503","210115173646733821361","2021-1-15 17:37:10"
"468389","余生","1049931","210115173835219121359","2021-1-15 17:38:54"
"468390","可乐","1048923","210115173846694321361","2021-1-15 17:38:57"
"468391","可乐","1048923","210115174011945421361","2021-1-15 17:40:28"
"468392","初雪","1049947","210115174135764421361","2021-1-15 17:42:03"
"468393","皇甫睿悦","1049913","210115174207775221358","2021-1-15 17:42:35"
"468394","战o红酒","1049033","210115174200187921359","2021-1-15 17:43:09"
"468395","烤鸭","1049957","210115174352272921358","2021-1-15 17:44:12"
"468396","陌羽轩","1049906","210115175118823221358","2021-1-15 17:51:32"
"468397","陌羽轩","1049906","210115175450811521358","2021-1-15 17:55:01"
"468398","可乐","1048923","210115175716209121361","2021-1-15 17:57:25"
"468399","昼晓徒","1050005","210115180347177521360","2021-1-15 18:04:04"
"468400","弑神凝","1049978","210115180613121721362","2021-1-15 18:06:27"
"468401","笑醉","1049467","210115180928543121359","2021-1-15 18:09:50"
"468402","笑醉","1049467","210115181006549721359","2021-1-15 18:10:22"
"468403","笑醉","1049467","210115181034862021359","2021-1-15 18:10:40"
"468404","笑醉","1049467","210115181252668021359","2021-1-15 18:13:00"
"468405","初雪","1049947","210115181440185421361","2021-1-15 18:14:58"
"468406","笑醉","1049467","210115182243346921359","2021-1-15 18:22:50"
"468407","璐宝","1050029","210115182240543721361","2021-1-15 18:22:56"
"468408","安然","1050030","210115182443560021358","2021-1-15 18:24:59"
"468409","帝灬尊","1050044","210115183330445621360","2021-1-15 18:33:53"
"468410","六六大顺","1049503","210115183646474121361","2021-1-15 18:37:05"
"468411","可乐","1048923","210115184406588521361","2021-1-15 18:44:16"
"468412","陌羽轩","1049906","210115184422622121358","2021-1-15 18:44:42"
"468413","王神秀","1050068","210115184933739221358","2021-1-15 18:49:49"
"468414","南河池溟","1048615","210115185758567221362","2021-1-15 18:58:17"
"468415","武道通神","1050093","210115190447201821358","2021-1-15 19:05:00"
"468416","武道通神","1050093","210115190604413421358","2021-1-15 19:06:18"
"468417","朝歌","1050081","210115190616735621361","2021-1-15 19:06:41"
"468418","糖炒栗子","1050085","210115191014726321358","2021-1-15 19:10:40"
"468419","龙刹依情","1049490","210115191154959321361","2021-1-15 19:12:02"
"468420","尺墨钦原","1049484","210115191249914421361","2021-1-15 19:13:01"
"468421","北巷栀酒","1050032","210115191400022821358","2021-1-15 19:14:24"
"468422","可乐","1048923","210115191508379121361","2021-1-15 19:15:22"
"468423","钺斩飞雯","1050131","210115191521241221362","2021-1-15 19:15:35"
"468424","皎洁的龙猫","1048980","210115191502824821360","2021-1-15 19:15:38"
"468425","素衣风尘叹","1049481","210115191522882221361","2021-1-15 19:15:39"
"468426","可乐","1048923","210115191535392021361","2021-1-15 19:15:44"
"468427","霸刀百季","1049482","210115191614338921361","2021-1-15 19:16:32"
"468428","天青空凰","1049460","210115191703714721361","2021-1-15 19:17:14"
"468429","一生孤妄","1049495","210115191755084221361","2021-1-15 19:18:06"
"468430","贵族经甲","1049493","210115191837025721361","2021-1-15 19:18:46"
"468431","钺斩飞雯","1050131","210115191854035221362","2021-1-15 19:19:09"
"468432","可乐","1048923","210115191942152321361","2021-1-15 19:19:51"
"468433","可乐","1048923","210115192005293021361","2021-1-15 19:20:14"
"468434","方寸盼星","1048738","210115192735652921361","2021-1-15 19:28:09"
"468435","游龙句芒","1049612","210115192817964821360","2021-1-15 19:28:22"
"468436","灵宁若虚","1049629","210115192830561421360","2021-1-15 19:28:38"
"468437","唠叨绵羊","1049628","210115192858476821360","2021-1-15 19:29:02"
"468438","ヾ一戰成銘”","1049586","210115193008171821361","2021-1-15 19:30:23"
"468439","忧郁热水器","1049594","210115193056278321360","2021-1-15 19:31:57"
"468440","九天清华","1049727","210115193201437721358","2021-1-15 19:32:45"
"468441","陌羽轩","1049906","210115193042924221358","2021-1-15 19:32:57"
"468442","持矢小伙子","1049610","210115193241016721360","2021-1-15 19:34:45"
"468443","迷失了自我","1049726","210115193401657321358","2021-1-15 19:34:50"
"468444","陌羽轩","1049906","210115193546453021358","2021-1-15 19:36:01"
"468445","乐观小短腿","1049609","210115193547202421360","2021-1-15 19:36:32"
"468446","思考思考","1049732","210115193636611421358","2021-1-15 19:38:18"
"468447","三四块","1049671","210115193912549121358","2021-1-15 19:40:10"
"468448","大家记得","1049670","210115194011782921358","2021-1-15 19:41:33"
"468449","陌羽轩","1049906","210115194208766321358","2021-1-15 19:42:53"
"468450","没色的夏天","1049519","210115194249754521362","2021-1-15 19:43:05"
"468451","陌羽轩","1049906","210115194301129421358","2021-1-15 19:43:15"
"468452","骑猪逛超市","1049521","210115194324313221362","2021-1-15 19:43:41"
"468453","唐晨","1049922","210115194154869321358","2021-1-15 19:43:47"
"468454","雷火燕蓝","1050294","210115194350248921358","2021-1-15 19:44:12"
"468455","惯了拉手","1049529","210115194356922521362","2021-1-15 19:45:43"
"468456","公孙巧露","1049666","210115194454816821358","2021-1-15 19:45:51"
"468457","皇朝佳霖","1049668","210115194659009021358","2021-1-15 19:47:32"
"468458","星汉半里红","1049446","210115194816555021362","2021-1-15 19:48:56"
"468459","烟火的尘埃","1048587","210115195252597121362","2021-1-15 19:53:11"
"468460","白露计蒙","1049430","210115195521747921362","2021-1-15 19:56:42"
"468461","狷狂小短腿","1049437","210115195952872021362","2021-1-15 20:00:40"
"468462","东门乐如","1049444","210115200503993221362","2021-1-15 20:06:19"
"468463","扭打的砂糖橘","1048613","210115201046019421360","2021-1-15 20:11:40"
"468464","老师我晕课","1050447","210115201912881321360","2021-1-15 20:19:22"
"468465","陌羽轩","1049906","210115202033821921358","2021-1-15 20:20:46"
"468466","本王","1050474","210115202316671721359",
"468467","努力的贴画","1050216","210115202524414521362","2021-1-15 20:25:47"
"468468","深情的油麦菜","1050497","210115203036524021359","2021-1-15 20:33:14"
"468469","笑醉","1049467","210115203338283321359","2021-1-15 20:33:42"
"468470","死性不改℡","1050496","210115203331338221361","2021-1-15 20:33:57"
"468471","端木晴安","1050498","210115203408566221359","2021-1-15 20:34:51"
"468472","笑醉","1049467","210115203711713021359","2021-1-15 20:37:15"
"468473","无量太初","1050518","210115203721351321359","2021-1-15 20:38:30"
"468474","严格的老王","1050524","210115203902884621359","2021-1-15 20:39:55"
"468475","珍贵的黑熊","1050529","210115203858655821359","2021-1-15 20:40:38"
"468476","猫猫咪呀","1050526","210115203857155321359","2021-1-15 20:41:31"
"468477","快活的诗人","1050527","210115204141772221359","2021-1-15 20:42:51"
"468478","孤城他寒","1050531","210115204427896321358","2021-1-15 20:44:42"
"468479","晓哥","1050039","210115204529921321359","2021-1-15 20:45:39"
"468480","平凡天才","1048781","210115205048417021358","2021-1-15 20:51:24"
"468481","醉知酒浓","1050533","210115205231701421360","2021-1-15 20:52:41"
"468482","绵绵呓语","1050564","210115210544535421361","2021-1-15 21:05:59"
"468483","再看就把你吃掉","1050489","210115210638153521358","2021-1-15 21:07:09"
"468484","谪仙","1050560","210115210812947221358","2021-1-15 21:08:28"
"468485","九天半里红","1048755","210115210832003321360","2021-1-15 21:08:42"
"468486","云端栖鸾","1050488","210115210908595221358","2021-1-15 21:14:26"
"468487","葫芦小金刚","1050570","210115211552057421361","2021-1-15 21:16:14"
"468488","方向","1050580","210115211648427621358","2021-1-15 21:17:12"
"468489","死性不改℡","1050496","210115211725023021361","2021-1-15 21:17:38"
"468490","散场电影","1049308","210115212148726021362","2021-1-15 21:22:09"
"468491","痴人不再说梦","1049342","210115212306222021360","2021-1-15 21:23:37"
"468492","攻她房做她王","1050575","210115212324892621358","2021-1-15 21:23:40"
"468493","潜龙玄冥","1050590","210115212254107621359","2021-1-15 21:23:55"
"468494","慕汐澈","1050233","210115212344958021361","2021-1-15 21:24:01"
"468495","九歌梦泽","1049343","210115212336206821360","2021-1-15 21:24:05"
"468496","东风罗刹","1049344","210115212425837421360","2021-1-15 21:25:09"
"468497","刚勇学长","1049213","210115212505638621362","2021-1-15 21:25:24"
"468498","玄剑奉延","1049425","210115212520592721360","2021-1-15 21:26:09"
"468499","风吹屁屁凉","1049217","210115212616737121362","2021-1-15 21:26:35"
"468500","殇华翰","1049339","210115212615322621360","2021-1-15 21:27:15"
"468501","莫负韶华","1050601","210115212708975221358","2021-1-15 21:27:26"
"468502","云之彼端","1049228","210115213026561321362","2021-1-15 21:30:43"
"468503","飞天忍者猪","1050535","210115213209469221358","2021-1-15 21:32:39"
"468504","灵巧的滑板鞋","1049319","210115213259278421362","2021-1-15 21:33:15"
"468505","落寞终成空","1049380","210115213416467521358","2021-1-15 21:35:03"
"468506","落寞终成空","1049380","210115213547186821358","2021-1-15 21:36:08"
"468507","星汉计蒙","1049398","210115213621329021358","2021-1-15 21:36:52"
"468508","无量赤水","1049215","210115213604685321362","2021-1-15 21:36:58"
"468509","星汉计蒙","1049398","210115213654700621358","2021-1-15 21:37:10"
"468510","九歌龙伯","1049399","210115213745974421358","2021-1-15 21:38:17"
"468511","九歌龙伯","1049399","210115213820971821358","2021-1-15 21:38:39"
"468512","南河毕方","1049461","210115213939542621358","2021-1-15 21:40:18"
"468513","南河毕方","1049461","210115214035581221358","2021-1-15 21:40:56"
"468514","机灵的小白","1049230","210115214102581321362","2021-1-15 21:42:02"
"468515","淡忘那伤","1049470","210115214136875021358","2021-1-15 21:42:58"
"468516","淡忘那伤","1049470","210115214125846921358","2021-1-15 21:42:58"
"468517","烟火的尘埃","1048587","210115214309176521362","2021-1-15 21:43:27"
"468518","爱哭本宝宝","1049226","210115214436852121362","2021-1-15 21:44:54"
"468519","谪仙","1050560","210115214519004221358","2021-1-15 21:45:36"
"468520","大气的泰迪熊","1049223","210115214639001021362","2021-1-15 21:46:57"
